;id;mturk
0;516227103;0
1;54225214;1
2;270852864;0
3;369033327;0
4;516170918;1
5;387574181;0
6;11481611;1
7;125471954;0
8;395418232;0
9;47551857;0
10;134062544;0
11;241569338;0
12;82853786;0
13;90289469;0
14;238101647;0
15;463568613;1
16;29299535;0
17;83120490;0
18;354736409;0
19;28179192;0
20;1445441;0
21;16144109;1
22;1613341;0
23;12975751;1
24;71161756;0
25;94575788;0
26;95228370;0
27;207078178;0
28;246420591;0
29;371619168;0
30;447336728;0
31;179060419;0
32;467032669;0
33;478528313;0
34;493473282;0
35;508437025;0
36;453822385;0
37;85809753;0
38;95659273;0
39;163497260;0
40;172239577;0
41;189624215;0
42;195088678;0
43;268105863;0
44;309735769;0
45;364602922;1
46;454726712;0
47;80002283;1
48;136321029;0
49;340268455;0
50;28678419;0
51;59374069;1
52;126919906;0
53;137318284;0
54;239830292;0
55;300635368;0
56;390086334;0
57;469835874;0
58;151393667;0
59;501533451;0
60;132127029;0
61;136498448;0
62;350592104;1
63;376011379;0
64;341270445;0
65;515572930;0
66;272448702;0
67;318919446;0
68;1215871;0
69;50304711;0
70;64765673;0
71;72627323;0
72;136567131;0
73;143006308;0
74;150688182;0
75;174470972;0
76;267496835;0
77;271642765;0
78;324916968;0
79;353773543;0
80;355032683;0
81;444574769;0
82;444683990;0
83;491094160;0
84;235517748;0
85;20195798;0
86;34279179;1
87;273170832;0
88;237816240;1
89;46720929;0
90;389050924;0
91;466309901;0
92;43867468;0
93;69236352;0
94;93324141;0
95;104163259;0
96;138297365;1
97;142973806;0
98;144460193;0
99;331340546;0
100;345889853;0
101;431442827;0
102;499955920;0
103;390563;0
104;255433140;0
105;318508265;0
106;79804658;0
107;127062450;0
108;196029839;0
109;308939360;0
110;461499976;0
111;493068154;0
112;87978997;0
113;310750986;0
114;401988194;0
115;493445912;0
116;414562612;0
117;140679423;0
118;17471831;0
119;140519485;0
120;413288236;0
121;14220439;0
122;19194895;0
123;137559495;0
124;128278874;0
125;172501359;0
126;247606769;0
127;380991926;1
128;363977372;0
129;5863624;0
130;232328027;0
131;328628703;0
132;329768117;0
133;442161917;0
134;73112750;1
135;293912861;1
136;249028587;0
137;128340018;1
138;180242083;1
139;259366994;0
140;301156992;0
141;448460478;0
142;151188949;0
143;293517612;0
144;412074703;0
145;41706002;0
146;113921403;0
147;309000481;0
148;8377928;0
149;285572852;0
150;489362977;0
151;99559518;0
152;187094011;0
153;217844103;0
154;294239128;0
155;226628987;0
156;291399484;0
157;381847061;0
158;396261020;0
159;252397719;0
160;404014957;0
161;241382009;0
162;346665875;0
163;379173829;0
164;85553000;0
165;165953472;0
166;405826624;0
167;460576402;0
168;47216484;0
169;212035232;0
170;163572597;1
171;326011404;0
172;387367238;0
173;470574566;0
174;60227688;0
175;242175943;0
176;11810841;0
177;127376810;0
178;108316759;0
179;114776413;1
180;328328473;0
181;58223649;0
182;277124217;0
183;356409508;0
184;357941821;0
185;408982909;0
186;411064589;0
187;98432274;0
188;375616761;0
189;376130499;0
190;166053553;0
191;312032058;0
192;169289545;0
193;500928406;0
194;367058631;1
195;236735507;0
196;282190435;1
197;465516392;0
198;468059483;0
199;94512143;0
200;369445098;0
201;11637059;0
202;90432961;0
203;127199346;0
204;496557804;1
205;174583543;0
206;322951333;0
207;336951540;0
208;367285087;1
209;464527338;0
210;25922572;0
211;258819480;0
212;35388957;0
213;184824089;0
214;241559302;0
215;254402254;0
216;255438075;0
217;363443604;0
218;386715458;1
219;400152124;0
220;439633123;0
221;455922042;0
222;488933457;0
223;158382712;0
224;410451221;0
225;122397072;0
226;240306668;0
227;268863945;0
228;333921256;0
229;403379497;0
230;447693898;0
231;507206333;0
232;233513443;0
233;50123045;0
234;78686318;0
235;128582547;0
236;220978109;0
237;397699926;0
238;35714925;0
239;72434795;0
240;384237222;0
241;489513045;0
242;493902099;0
243;498309527;0
244;155063087;0
245;225431068;0
246;6969816;0
247;98778070;0
248;167135249;0
249;364011995;0
250;12862861;0
251;254358306;0
252;63817575;0
253;69511526;0
254;107596234;0
255;136779256;0
256;365932273;0
257;121767221;0
258;58373736;0
259;382170021;0
260;444479298;0
261;265538957;0
262;407038365;0
263;470207839;0
264;433632020;0
265;156981565;0
266;223093030;0
267;160546057;0
268;161351002;0
269;168413735;0
270;230363089;0
271;243735969;0
272;251686031;0
273;289053676;0
274;298293257;0
275;498098255;0
276;265625812;0
277;34531980;0
278;115786776;0
279;255862828;0
280;432175601;1
281;139132257;1
282;243760643;0
283;205704667;0
284;174575588;0
285;500847870;0
286;76709207;0
287;115426859;0
288;339248467;0
289;339402569;0
290;34625741;1
291;42923436;0
292;67949145;0
293;68475445;0
294;197176531;0
295;222992531;0
296;274495964;0
297;345518935;1
298;352596804;0
299;410783495;0
300;497188633;0
301;175255895;0
302;209693125;1
303;387473489;0
304;279503713;0
305;24307052;0
306;116143560;0
307;134099849;0
308;184025665;0
309;392905392;0
310;452083533;0
311;466757498;0
312;498887288;0
313;287991695;1
314;404231247;0
315;155275365;0
316;307228942;0
317;92172679;0
318;10534697;0
319;94756223;0
320;201510280;1
321;201894924;0
322;454543737;0
323;458874931;0
324;85915019;0
325;195511198;0
326;207089658;0
327;398715462;0
328;493778448;0
329;270998853;1
330;390484094;0
331;432857289;0
332;482339352;0
333;20039415;0
334;44828216;0
335;268660971;0
336;510348761;0
337;1231983;0
338;125941995;0
339;200904680;0
340;221701292;0
341;460714625;0
342;37943897;0
343;302352435;0
344;355208782;0
345;387208294;0
346;97185308;0
347;395114780;0
348;471241215;0
349;221916349;1
350;54906055;0
351;201931992;0
352;289879047;0
353;454218307;0
354;510833004;0
355;21935007;0
356;204648196;0
357;205614969;0
358;216545977;0
359;376657225;0
360;180629234;0
361;203523170;0
362;458351288;0
363;31025489;0
364;99875032;0
365;165239194;0
366;345949982;0
367;358756246;0
368;437255853;1
369;481998485;0
370;402927489;0
371;422220044;0
372;38102990;0
373;186131433;0
374;233688418;0
375;454345438;0
376;92851291;0
377;167460271;0
378;413663968;0
379;338199969;0
380;396940537;0
381;86528045;0
382;92693047;0
383;202555971;0
384;491588299;0
385;516115229;0
386;233598138;0
387;310338554;0
388;365567923;0
389;493033152;0
390;14431636;0
391;149218895;1
392;407964660;0
393;495543992;0
394;311517848;0
395;128743574;0
396;399852543;1
397;420639686;0
398;269667388;0
399;117334162;0
400;295847184;0
401;291209514;0
402;241074225;0
403;248847116;0
404;366200179;0
405;64892237;0
406;419900409;0
407;128968398;0
408;92281721;0
409;175474678;0
410;297032581;0
411;167334820;0
412;176599667;0
413;178754622;0
414;418781429;0
415;89573263;0
416;224542410;0
417;178314218;0
418;141663461;0
419;175343763;0
420;216049966;0
421;215656739;0
422;222684427;1
423;356053636;1
424;362016526;1
425;380781238;0
426;479100003;0
427;33461750;1
428;65281915;1
429;147713771;0
430;479500494;0
431;274098562;0
432;313369073;0
433;103920649;0
434;226726400;0
435;253223488;1
436;271609461;0
437;357551419;0
438;467365933;0
439;485522402;0
440;488931939;0
441;501384948;0
442;506679979;0
443;499556296;1
444;81841486;0
445;136715844;0
446;238004699;1
447;493584505;1
448;424948264;1
449;225996611;1
450;105737721;0
451;175535863;0
452;175698492;1
453;306746663;1
454;406763901;0
455;459658604;0
456;148918394;1
457;221214311;1
458;260333613;0
459;372775042;1
460;114379297;0
461;403043525;0
462;90838271;0
463;191352782;0
464;274940973;1
465;367817680;0
466;414121524;1
467;46106568;0
468;67896903;1
469;147278649;0
470;201342033;0
471;204755851;0
472;296430850;1
473;451817867;1
474;38810154;0
475;114768472;0
476;21342908;0
477;131202681;0
478;71927645;0
479;71957441;0
480;88562915;0
481;137275361;0
482;211762166;1
483;272513254;0
484;274513577;0
485;313669179;0
486;315362550;0
487;316633138;1
488;322634499;0
489;380251113;0
490;386481117;0
491;411820392;0
492;413814570;0
493;441487670;0
494;282238477;0
495;346117566;0
496;266725956;0
497;201192440;0
498;261611600;0
499;422911120;0
500;19807886;0
501;157793369;1
502;184121526;0
503;277429420;1
504;369649539;0
505;484729481;0
506;58521268;0
507;84586260;0
508;349085052;0
509;380679429;0
510;122408094;0
511;404719316;0
512;490251216;0
513;476583852;0
514;95031322;0
515;458519239;0
516;25097590;0
517;222581560;1
518;126227844;0
519;225298289;1
520;341983483;1
521;53692321;1
522;214440574;0
523;281106072;1
524;292809746;1
525;158106454;0
526;104972418;0
527;74057308;0
528;253615855;0
529;269932273;0
530;428388976;0
531;449702964;0
532;490482993;0
533;493642125;0
534;249563749;0
535;107325508;0
536;487190328;0
537;508161630;1
538;95267821;0
539;111328091;0
540;255520890;0
541;312280231;0
542;329887683;0
543;346947337;1
544;402792580;0
545;404132299;0
546;482378597;0
547;494038080;0
548;165709747;0
549;291949350;0
550;335035837;1
551;56913558;0
552;196294081;0
553;297087333;1
554;375920674;0
555;487116581;0
556;320346682;0
557;351617055;1
558;332495173;1
559;449700556;0
560;25605325;0
561;193783423;0
562;380732156;1
563;479468456;1
564;264318276;0
565;264496263;0
566;304419131;1
567;146172609;0
568;222594179;1
569;340110560;0
570;399613094;0
571;449150468;1
572;358215931;0
573;34867384;0
574;126344203;0
575;464112134;0
576;499900885;0
577;5278827;0
578;387684819;0
579;142999659;0
580;417844965;0
581;384380553;0
582;322191600;0
583;98461476;0
584;143329559;0
585;292464079;0
586;12711839;0
587;38063106;0
588;74419741;0
589;84427663;0
590;211506102;0
591;227108110;1
592;244453031;0
593;257218922;0
594;284813633;0
595;316897056;0
596;93185120;1
597;36682977;0
598;172429306;0
599;249123946;0
600;34895136;0
601;122655096;0
602;246059543;0
603;427794829;0
604;194862553;0
605;293162493;0
606;490615167;1
607;457246534;0
608;513253310;0
609;206685606;0
610;488018417;0
611;154109911;0
612;182598827;0
613;293894106;0
614;329606204;1
615;349602263;0
616;496723673;0
617;167200900;1
618;169675567;0
619;170848043;1
620;282155940;0
621;377468187;0
622;440033927;0
623;3494052;0
624;44492332;0
625;91762024;0
626;200667555;0
627;270383233;0
628;57421742;0
629;63424816;1
630;92131556;0
631;166557527;0
632;426089095;0
633;218743801;0
634;263071168;1
635;345323097;1
636;361828260;0
637;387786696;0
638;468813157;0
639;22327646;0
640;39599316;0
641;79998924;0
642;224931689;0
643;343362683;0
644;359503482;0
645;425619030;0
646;441111072;0
647;50497791;1
648;162570884;0
649;229619933;1
650;116889701;1
651;163506343;0
652;195541272;0
653;225077654;0
654;377298213;1
655;431082663;0
656;323184459;1
657;403728067;0
658;449626111;0
659;334377016;0
660;315216795;1
661;391829529;0
662;394427158;0
663;96217171;0
664;205181832;1
665;212295641;0
666;349015982;0
667;389768095;1
668;453548445;1
669;330527592;0
670;210076135;0
671;284994067;0
672;426753030;0
673;452752394;0
674;196969871;0
675;231204127;0
676;122651233;1
677;9403279;0
678;61630898;0
679;83609186;0
680;85534859;0
681;95817333;0
682;160724843;0
683;186075885;0
684;380899753;0
685;355420528;0
686;397197465;1
687;421079478;0
688;52245994;0
689;161771723;0
690;2376312;0
691;52924232;1
692;116395419;0
693;118181851;0
694;393939159;0
695;479308303;0
696;450286725;0
697;102873426;0
698;119034003;0
699;205154487;0
700;208413849;0
701;374105894;0
702;406520069;0
703;409087304;0
704;32254685;0
705;73985895;0
706;150241612;0
707;504889396;0
708;514449580;0
709;332453314;0
710;118650744;1
711;457574613;1
712;47381326;0
713;348412665;0
714;97693640;0
715;115768490;1
716;119069328;0
717;123672700;0
718;139052644;0
719;145318517;0
720;186766538;1
721;270110581;0
722;363776622;0
723;407306032;0
724;442423952;1
725;462802759;1
726;478300599;0
727;478679019;0
728;493858542;0
729;189641992;0
730;417818948;1
731;116250916;0
732;211046003;1
733;273043177;1
734;468825129;0
735;111235680;0
736;189250149;0
737;387500990;0
738;491308334;1
739;50286025;0
740;326178699;0
741;442796521;1
742;493927916;0
743;838534;0
744;22429795;0
745;119085028;0
746;279555289;0
747;428940244;1
748;429463253;1
749;486027331;1
750;133896953;0
751;390042349;1
752;421133057;0
753;501753879;0
754;508994378;0
755;323526698;0
756;228953777;1
757;133764921;0
758;268946003;0
759;363132335;0
760;245653237;0
761;274253118;0
762;396111230;0
763;405500113;0
764;498954906;0
765;21298233;0
766;36392792;0
767;160503586;1
768;326607366;0
769;495893152;0
770;505237639;1
771;246523561;0
772;472219907;0
773;392150019;0
774;34282032;0
775;69407473;0
776;160350677;0
777;176788545;1
778;178783078;0
779;491593525;0
780;11141675;0
781;288516246;0
782;288835992;1
783;315389157;0
784;331486102;0
785;415441795;1
786;446875710;0
787;473801613;0
788;7106022;0
789;47543801;0
790;110206104;1
791;203724837;0
792;208961113;0
793;236486545;0
794;368316477;0
795;5761058;0
796;167072722;0
797;306859033;0
798;459573330;0
799;237625;0
800;153823787;0
801;382170220;0
802;125295385;0
803;129130600;1
804;203387043;0
805;275662162;0
806;305777302;0
807;320601284;0
808;9675766;1
809;108340704;1
810;300851302;0
811;315829526;0
812;315972884;0
813;141405694;0
814;55006344;0
815;408148512;0
816;246589240;0
817;470014192;0
818;137794562;0
819;218064825;0
820;8960249;0
821;75835436;0
822;185223455;1
823;243123012;0
824;366186862;0
825;407824992;0
826;150954035;0
827;206701972;1
828;223138974;0
829;285266287;1
830;340059745;0
831;453733266;1
832;390990688;1
833;488731352;0
834;139115682;1
835;197880578;0
836;405999184;0
837;102418763;0
838;166105687;0
839;260085689;0
840;28218373;1
841;176464907;0
842;179622444;0
843;131621111;1
844;449943974;0
845;131419210;0
846;216033304;0
847;185932633;0
848;234995656;0
849;433641108;0
850;443022875;0
851;513965013;0
852;163767077;0
853;231735974;1
854;195629203;0
855;240373801;0
856;493745276;0
857;38505523;0
858;116537887;0
859;118470874;0
860;119127742;0
861;278173429;1
862;453541584;0
863;97901120;0
864;140314161;0
865;382282055;0
866;12152658;0
867;153597652;0
868;147953112;0
869;453014549;0
870;82149129;0
871;468509693;0
872;78224626;1
873;226209908;0
874;326348920;0
875;206472512;0
876;258241126;0
877;15598412;0
878;17274252;1
879;78961088;0
880;287015613;0
881;2822083;0
882;125709086;0
883;212817234;1
884;296257506;0
885;306940191;0
886;310885914;0
887;453776991;0
888;35131849;0
889;72687748;0
890;121352550;0
891;123413213;0
892;403083882;0
893;404022620;0
894;27957636;0
895;105870566;1
896;200611274;0
897;251356661;0
898;319282439;1
899;331004644;1
900;379374046;0
901;452341312;0
902;490966414;0
903;24023394;0
904;113273807;0
905;74895780;0
906;117768469;0
907;292233971;0
908;353010957;0
909;359240919;1
910;392777780;0
911;501670588;0
912;112240750;0
913;179565320;0
914;460422414;0
915;76092784;0
916;151077083;0
917;424698507;0
918;330577147;0
919;14652712;0
920;17785705;0
921;53542903;1
922;71811074;1
923;104268602;1
924;148816323;0
925;155133856;1
926;165494132;0
927;181549463;1
928;182651552;0
929;242895599;0
930;254632336;0
931;309947875;0
932;356033518;1
933;356351316;0
934;365113680;0
935;421495891;0
936;429835828;0
937;432892155;0
938;482518365;1
939;247596168;1
940;114279006;0
941;165727163;0
942;193437250;0
943;292101003;0
944;450771922;0
945;495012077;0
946;345767503;0
947;432781790;1
948;390166379;0
949;446956602;0
950;103955878;0
951;218220502;1
952;219848027;1
953;306654206;0
954;347108863;1
955;415178290;0
956;444889717;0
957;66754194;1
958;356413269;0
959;69661922;1
960;176419622;0
961;382187369;0
962;454417480;1
963;445050144;0
964;242157061;0
965;88125322;0
966;358367130;0
967;250840730;0
968;496350277;0
969;1377521;0
970;475500481;0
971;504584945;1
972;278901836;0
973;383867002;1
974;410485394;1
975;60114333;1
976;70974991;0
977;249412817;0
978;373125584;0
979;418583274;0
980;429969724;0
981;433906552;1
982;493652887;0
983;309685973;0
984;47362288;1
985;177146788;0
986;181747825;1
987;222264273;0
988;290214288;1
989;429319618;0
990;95809195;0
991;188043949;1
992;360577017;1
993;118811857;0
994;223124828;0
995;350565778;0
996;387936850;0
997;514294196;0
998;111997269;0
999;140321452;0
1000;483981385;0
1001;345476513;1
1002;436689493;1
1003;25790354;0
1004;38477257;0
1005;351126910;1
1006;271904381;1
1007;313769957;0
1008;86194721;0
1009;229467243;0
1010;454071241;0
1011;122460610;0
1012;163932942;0
1013;205714278;0
1014;373550360;0
1015;52922745;0
1016;226089997;0
1017;279747868;0
1018;349147382;0
1019;364806190;0
1020;34286723;0
1021;166387919;0
1022;243850984;1
1023;456403708;0
1024;469901003;0
1025;327004620;0
1026;374859982;0
1027;59565648;1
1028;157954179;1
1029;293880711;0
1030;293880754;0
1031;300066719;0
1032;301143323;0
1033;371467590;1
1034;383777354;0
1035;45128962;0
1036;141200885;0
1037;1446046;0
1038;206936187;0
1039;401519239;0
1040;420816806;0
1041;16972519;0
1042;60698676;0
1043;114988976;0
1044;132780639;1
1045;134419321;0
1046;137112556;0
1047;138804039;0
1048;143979583;0
1049;356377511;0
1050;445436083;0
1051;471977612;0
1052;375604729;0
1053;88926129;0
1054;325500096;0
1055;422469330;0
1056;470557588;0
1057;198158441;0
1058;250236167;0
1059;15505453;1
1060;174560857;0
1061;514906956;0
1062;87555694;0
1063;191120605;0
1064;226015280;1
1065;88587784;0
1066;177827242;0
1067;199567821;0
1068;311792622;0
1069;431093842;1
1070;95917134;0
1071;206159558;0
1072;459306012;0
1073;82592041;1
1074;113965599;0
1075;117442964;0
1076;223211287;0
1077;344624179;0
1078;456211494;0
1079;480070178;0
1080;70102200;0
1081;160172021;1
1082;244192916;0
1083;296343728;0
1084;316346589;0
1085;318163398;0
1086;374019791;0
1087;487596788;0
1088;17145690;0
1089;25972640;0
1090;174294514;0
1091;507011822;0
1092;15829404;1
1093;60452265;0
1094;157424315;0
1095;191079052;0
1096;194855107;0
1097;378577112;0
1098;54912383;0
1099;247965566;0
1100;230192988;0
1101;380438073;0
1102;12907975;1
1103;203504993;0
1104;239810355;0
1105;197255834;0
1106;247432332;0
1107;359533143;0
1108;248965923;0
1109;61845816;1
1110;322422637;0
1111;321871852;1
1112;328823093;0
1113;355984541;0
1114;196520376;0
1115;449090622;1
1116;502246032;1
1117;224002289;0
1118;211953218;0
1119;441209563;1
1120;296678441;1
1121;10807158;1
1122;11056497;0
1123;59728119;1
1124;78353321;0
1125;90587335;1
1126;154603877;0
1127;156862854;0
1128;185628331;0
1129;201294542;0
1130;316697250;1
1131;370327227;0
1132;399046902;1
1133;429679237;0
1134;440504850;1
1135;460789789;0
1136;120194565;0
1137;312949137;0
1138;336790960;0
1139;397196985;1
1140;447753287;0
1141;449091223;0
1142;217574859;0
1143;370689096;0
1144;405584382;1
1145;39065123;0
1146;224419458;0
1147;237020973;0
1148;374901779;0
1149;50103708;1
1150;92966031;0
1151;120322313;0
1152;357901716;0
1153;366668293;0
1154;36298043;1
1155;85974187;0
1156;198687640;0
1157;240267273;0
1158;282884468;0
1159;426340393;0
1160;37154698;0
1161;51371240;1
1162;163461323;0
1163;240365160;0
1164;242735839;0
1165;354304434;1
1166;497394497;0
1167;90788416;1
1168;126021499;0
1169;345952941;0
1170;348433162;0
1171;251105737;0
1172;343609358;1
1173;20285030;0
1174;50736157;1
1175;55580390;0
1176;130324978;1
1177;183081396;0
1178;197730924;0
1179;218651815;0
1180;241960629;1
1181;393613387;1
1182;393819577;0
1183;408686988;0
1184;475988197;1
1185;482492587;0
1186;492548042;0
1187;103774808;0
1188;127722446;0
1189;312195391;0
1190;116621923;0
1191;267816522;0
1192;38476182;1
1193;78822302;1
1194;101484187;1
1195;350555975;1
1196;392622000;0
1197;104672519;0
1198;204651206;0
1199;398047023;1
1200;442314373;0
1201;271299892;0
1202;352077983;1
1203;59790999;0
1204;171283290;0
1205;377331113;1
1206;491694391;0
1207;285338000;0
1208;312918020;1
1209;410707390;0
1210;470590657;1
1211;197727711;0
1212;509499466;0
1213;248105971;0
1214;382655175;0
1215;407062485;0
1216;56049391;0
1217;133431620;0
1218;148877088;1
1219;160830174;0
1220;223538637;0
1221;226889595;1
1222;270808572;1
1223;293483740;0
1224;295125495;0
1225;351666753;0
1226;372416961;0
1227;491557704;0
1228;26910275;1
1229;45277879;1
1230;390164667;1
1231;344282882;1
1232;22344191;1
1233;114634352;0
1234;181330621;1
1235;342530856;0
1236;384076973;1
1237;87710509;1
1238;195188560;0
1239;250220991;0
1240;456487056;0
1241;459868082;0
1242;467138252;0
1243;475934191;0
1244;505284172;0
1245;276556163;0
1246;397496256;0
1247;306242383;0
1248;308426250;0
1249;312122015;0
1250;416671632;0
1251;460627276;0
1252;465620260;0
1253;304715767;1
1254;4770979;0
1255;149135312;0
1256;161281626;0
1257;289808184;0
1258;75629524;0
1259;377096118;0
1260;33048666;1
1261;288018927;0
1262;69602806;0
1263;438442392;0
1264;241011237;0
1265;338846309;0
1266;479612509;0
1267;199660983;0
1268;259376909;0
1269;289785623;0
1270;22592464;0
1271;132739775;0
1272;22304154;1
1273;218408072;0
1274;232875521;1
1275;469734821;1
1276;473246508;0
1277;266312509;0
1278;220510357;1
1279;20435424;0
1280;231143025;0
1281;259044378;0
1282;288798975;0
1283;376654498;0
1284;422259419;1
1285;10948715;1
1286;300940391;0
1287;308200649;1
1288;328233674;0
1289;502605930;1
1290;449940075;0
1291;45294776;0
1292;163230410;0
1293;180533540;0
1294;273493274;0
1295;319082798;0
1296;344467235;0
1297;299481163;0
1298;354669448;1
1299;433235274;1
1300;229503490;1
1301;27444847;0
1302;14522980;0
1303;155623295;0
1304;341331327;0
1305;356195442;1
1306;362648174;1
1307;397697073;0
1308;446245214;0
1309;143803151;0
1310;23847067;1
1311;177169254;0
1312;177956135;0
1313;303089256;0
1314;318323803;0
1315;484615917;0
1316;169254865;1
1317;3153203;0
1318;235801161;0
1319;245888179;0
1320;453756576;0
1321;263877506;1
1322;279657325;1
1323;455785456;1
1324;162581073;0
1325;230066206;1
1326;96977151;0
1327;368660129;1
1328;261640194;1
1329;67340652;1
1330;175156473;0
1331;175699678;0
1332;176317839;1
1333;234485800;0
1334;287723456;0
1335;439168283;0
1336;83741865;1
1337;155644369;0
1338;335197721;0
1339;357003939;1
1340;183936492;0
1341;281721135;0
1342;3989378;0
1343;8653242;0
1344;124401851;0
1345;306088309;0
1346;308027445;0
1347;312151541;0
1348;345827905;1
1349;361804205;0
1350;393299139;0
1351;399865252;0
1352;407890105;0
1353;431938646;1
1354;450475816;1
1355;115906984;0
1356;499918836;0
1357;8403790;0
1358;99611426;0
1359;146881070;0
1360;298137638;0
1361;404743883;0
1362;405421841;0
1363;407240861;1
1364;420514227;0
1365;446162394;0
1366;239528870;0
1367;494445030;1
1368;17142311;0
1369;33302992;0
1370;45451749;0
1371;45667547;0
1372;49698307;0
1373;64375740;0
1374;76144400;0
1375;146852158;1
1376;324305522;0
1377;352185733;0
1378;356658858;0
1379;377419214;0
1380;392939715;0
1381;399565502;0
1382;405173849;0
1383;405978855;0
1384;407406639;0
1385;471440793;0
1386;510239891;0
1387;5899313;0
1388;80849723;0
1389;341547922;1
1390;376343598;1
1391;381487255;0
1392;448621411;1
1393;246480313;0
1394;101850038;0
1395;209778376;0
1396;251736557;0
1397;85643139;0
1398;196470686;0
1399;256057823;0
1400;267895873;0
1401;354722587;0
1402;379675524;1
1403;424421398;0
1404;482561848;1
1405;81486309;1
1406;98953255;1
1407;109476205;0
1408;174289879;1
1409;255196202;0
1410;484308610;0
1411;488256896;0
1412;309388578;0
1413;8628766;0
1414;32466353;1
1415;91077400;0
1416;231546321;0
1417;421778093;0
1418;300789401;0
1419;331758020;1
1420;273934437;0
1421;33150707;0
1422;270792585;1
1423;119617603;0
1424;505396184;0
1425;139727735;0
1426;481160925;0
1427;14351452;0
1428;275029959;0
1429;327731219;0
1430;58743373;1
1431;106293049;0
1432;448590624;0
1433;195683420;0
1434;349074890;0
1435;367604825;0
1436;375337996;1
1437;482957639;0
1438;504511568;0
1439;45457635;0
1440;421407981;0
1441;331119775;0
1442;10534361;0
1443;22842455;0
1444;33138216;0
1445;96012057;1
1446;221425517;0
1447;416877057;1
1448;471394038;0
1449;174411746;0
1450;78782641;0
1451;194294245;0
1452;288798352;0
1453;32698605;1
1454;203062161;0
1455;225794645;1
1456;376924222;1
1457;384162451;0
1458;395810392;1
1459;186957120;0
1460;72879597;1
1461;104831212;0
1462;399840927;1
1463;214887744;0
1464;98804282;0
1465;418375263;1
1466;443980983;1
1467;233323582;0
1468;290489723;0
1469;291430068;0
1470;300997177;1
1471;406471725;0
1472;505565035;0
1473;129775346;0
1474;201774246;0
1475;326759290;0
1476;375007534;1
1477;94122385;0
1478;136298813;1
1479;512173041;0
1480;10808817;0
1481;40641370;0
1482;146465261;0
1483;167896082;0
1484;168148156;0
1485;222962043;0
1486;256359760;1
1487;369694903;0
1488;442178847;1
1489;233107674;0
1490;9774007;0
1491;87437612;0
1492;190522862;1
1493;326241997;0
1494;334571097;1
1495;142470781;0
1496;108350802;0
1497;332944822;0
1498;484794154;0
1499;110488100;0
1500;233668429;0
1501;293947833;0
1502;423014512;0
1503;19520649;1
1504;137877129;0
1505;180708474;0
1506;277185894;0
1507;453651022;0
1508;211841262;0
1509;484347893;0
1510;77419344;0
1511;280155990;0
1512;235119866;1
1513;466917507;0
1514;443419144;0
1515;229448540;0
1516;12152775;0
1517;492017583;0
1518;4327840;0
1519;202225127;0
1520;459635164;0
1521;314684146;0
1522;302591825;0
1523;82498295;1
1524;103309216;0
1525;106271307;0
1526;253599904;0
1527;274231017;0
1528;282294595;1
1529;284085835;1
1530;310500385;0
1531;330104029;0
1532;363413435;0
1533;422714620;0
1534;448002438;0
1535;462254172;1
1536;470730604;0
1537;444515442;0
1538;16013660;1
1539;105225667;0
1540;204704315;0
1541;490078391;0
1542;102011303;0
1543;321789442;0
1544;497778677;0
1545;195200666;1
1546;242110522;0
1547;366983390;0
1548;497159100;0
1549;226222406;1
1550;110107421;0
1551;305735547;0
1552;336093729;0
1553;253578515;1
1554;317450226;0
1555;362243851;0
1556;66227852;0
1557;187330014;0
1558;195397120;0
1559;110834866;0
1560;444030527;0
1561;448574908;0
1562;187520819;0
1563;404896218;0
1564;237625780;0
1565;248968636;0
1566;164853699;1
1567;189736404;0
1568;238716799;0
1569;445865579;1
1570;163639428;0
1571;37465175;0
1572;373108590;0
1573;6923035;0
1574;8782996;0
1575;70335880;0
1576;126678970;0
1577;167672847;1
1578;209333987;1
1579;343481846;0
1580;460209839;0
1581;111157443;1
1582;238022950;1
1583;413465;0
1584;12759797;1
1585;158411891;1
1586;400903577;0
1587;503908958;0
1588;151820442;0
1589;175499380;1
1590;292553030;1
1591;416311617;0
1592;387322786;0
1593;47793125;1
1594;52241988;0
1595;92086831;0
1596;174842520;0
1597;454492673;0
1598;475025461;0
1599;43117940;1
1600;74897999;0
1601;75889433;0
1602;79852826;0
1603;122735146;0
1604;133775749;1
1605;158434163;1
1606;272465118;0
1607;277975005;0
1608;339821946;0
1609;380498341;0
1610;411501789;1
1611;437243049;0
1612;364199442;0
1613;449320096;0
1614;433132836;0
1615;485360387;0
1616;5615986;1
1617;313397589;1
1618;373343048;0
1619;454782124;0
1620;40929886;0
1621;54838810;0
1622;182082497;1
1623;271426990;1
1624;274428461;1
1625;341231335;0
1626;354594499;1
1627;391163640;1
1628;423186940;0
1629;178365736;0
1630;310590663;1
1631;367143407;0
1632;436051730;1
1633;149128893;0
1634;163666587;0
1635;357790953;0
1636;427422568;0
1637;452447117;0
1638;47014473;0
1639;48949879;0
1640;57061024;0
1641;74382011;0
1642;95863796;0
1643;101848226;0
1644;145662044;0
1645;385915372;1
1646;492930594;0
1647;194609748;0
1648;200378514;0
1649;5433091;0
1650;295319547;0
1651;308173705;0
1652;454525280;1
1653;97139453;0
1654;222372790;0
1655;242253912;1
1656;260400500;0
1657;307788511;0
1658;449561044;0
1659;104740685;0
1660;500390333;0
1661;32897443;0
1662;90363538;0
1663;149141306;1
1664;295527072;0
1665;300826233;0
1666;352845519;1
1667;370828262;1
1668;56362370;0
1669;238129890;0
1670;291390572;0
1671;201967004;0
1672;512236535;0
1673;101182267;0
1674;394492975;0
1675;490843295;1
1676;211353602;0
1677;1700974;0
1678;41322711;0
1679;172554240;0
1680;302863215;0
1681;414812854;1
1682;466834335;1
1683;93210950;0
1684;128296081;0
1685;211230792;0
1686;324790746;0
1687;404359139;0
1688;457551528;0
1689;168303692;0
1690;292760543;0
1691;464635632;0
1692;91948087;0
1693;466609865;0
1694;67969595;0
1695;230704905;0
1696;334573409;0
1697;494941189;0
1698;121384374;0
1699;107601583;0
1700;233446533;0
1701;342099910;0
1702;334069760;0
1703;6260742;0
1704;147577686;1
1705;200406239;0
1706;208662261;0
1707;321437573;1
1708;343075531;0
1709;119670527;0
1710;197034819;0
1711;281164950;0
1712;404887310;0
1713;281543367;0
1714;307642724;0
1715;310644753;1
1716;308626326;0
1717;509896417;0
1718;310727102;1
1719;80260207;1
1720;178157055;0
1721;287630400;0
1722;311122081;0
1723;472265893;0
1724;502388546;0
1725;385181724;0
1726;48517729;0
1727;251054467;0
1728;34457265;0
1729;180574966;0
1730;377829702;0
1731;21401917;0
1732;280239530;0
1733;233306917;0
1734;266913381;1
1735;322205944;0
1736;396009250;0
1737;466177677;0
1738;313146054;0
1739;503806983;0
1740;176716562;0
1741;382105837;0
1742;9662164;1
1743;26245869;0
1744;194689317;1
1745;27074027;0
1746;118239713;1
1747;474966176;1
1748;224645881;0
1749;296007904;0
1750;23408623;0
1751;126827543;0
1752;251351092;0
1753;273962604;0
1754;366831436;1
1755;11246790;0
1756;323418667;0
1757;110410864;1
1758;358265603;0
1759;167106848;0
1760;369861780;0
1761;373564582;1
1762;4199561;1
1763;92233699;1
1764;95758444;0
1765;247469211;0
1766;248439831;0
1767;289984505;0
1768;306187188;0
1769;272126713;0
1770;397081626;1
1771;443014891;0
1772;497042853;0
1773;111458346;0
1774;120659863;0
1775;165474444;0
1776;257135531;0
1777;388203041;0
1778;394922388;1
1779;474172448;1
1780;514826637;0
1781;4053959;0
1782;113897047;1
1783;139123341;1
1784;200097158;0
1785;404475132;1
1786;424238816;1
1787;474435295;1
1788;476348442;0
1789;498125833;0
1790;179565035;0
1791;353737128;0
1792;457685382;0
1793;77514588;0
1794;103461496;0
1795;187504382;0
1796;384770164;0
1797;430046853;0
1798;444241239;0
1799;187375342;0
1800;38873916;0
1801;46486580;0
1802;51017687;0
1803;63240179;0
1804;81781836;0
1805;121773148;0
1806;192711375;0
1807;243593093;0
1808;253481317;0
1809;255978059;0
1810;315830651;0
1811;350296974;0
1812;409475800;0
1813;437047497;0
1814;460387208;0
1815;489839175;1
1816;414899033;0
1817;384109652;0
1818;22909532;0
1819;156552656;0
1820;269716397;1
1821;307494174;0
1822;418765949;1
1823;459286468;1
1824;485935516;0
1825;512013891;1
1826;180149033;0
1827;220282066;0
1828;223173847;1
1829;318770498;1
1830;382851737;0
1831;431211669;1
1832;458445397;0
1833;505195791;0
1834;514981309;0
1835;307296050;0
1836;412649914;1
1837;471385800;0
1838;399443357;0
1839;499888988;0
1840;139845044;0
1841;270762091;1
1842;123787803;1
1843;87882973;0
1844;323861655;0
1845;365667632;0
1846;473427937;0
1847;134807013;0
1848;429022224;0
1849;503426919;0
1850;7566768;0
1851;100324230;0
1852;130375606;1
1853;364870834;0
1854;377531193;0
1855;482661574;1
1856;308867756;1
1857;382080820;0
1858;29002745;1
1859;34063849;0
1860;359642860;1
1861;481580428;1
1862;491935436;0
1863;201896859;0
1864;247538845;0
1865;23157660;1
1866;161699534;1
1867;454873653;1
1868;116985316;0
1869;296497335;1
1870;422246383;0
1871;22579894;0
1872;152729775;0
1873;341123611;0
1874;91854091;0
1875;126184163;0
1876;174401305;0
1877;300494772;0
1878;467516417;0
1879;36651308;1
1880;117875043;0
1881;228571996;1
1882;208125934;0
1883;174538903;0
1884;307059003;1
1885;421430320;1
1886;469193788;0
1887;343723577;0
1888;94248931;0
1889;137107111;1
1890;302568452;0
1891;309060575;0
1892;353977421;1
1893;38641855;1
1894;72836566;0
1895;169061920;0
1896;39881443;0
1897;59624754;1
1898;72434447;0
1899;76641257;1
1900;133882886;0
1901;156377782;0
1902;175304425;0
1903;431634482;0
1904;478382939;0
1905;114935275;1
1906;165650009;1
1907;97482087;1
1908;453818461;0
1909;187615068;0
1910;343331034;0
1911;186902954;0
1912;334336937;0
1913;506454928;0
1914;44813343;1
1915;82687194;1
1916;147373875;1
1917;162925944;0
1918;187385147;0
1919;284881960;0
1920;312625194;0
1921;360455125;0
1922;400881756;0
1923;415178615;0
1924;492948077;0
1925;303885858;1
1926;95725725;0
1927;167519480;0
1928;464438076;0
1929;323616771;1
1930;90704199;1
1931;112555139;0
1932;378355474;0
1933;87888500;0
1934;236471267;0
1935;250236165;0
1936;373469201;1
1937;353697090;0
1938;20357844;0
1939;159731865;0
1940;291821025;0
1941;436346406;1
1942;173735258;0
1943;305982993;0
1944;471868829;0
1945;476110547;0
1946;4363467;0
1947;8779828;0
1948;80155519;0
1949;220080504;0
1950;369304146;1
1951;369328887;0
1952;417127683;0
1953;461422898;0
1954;73239377;1
1955;484333801;1
1956;59471145;1
1957;234208349;0
1958;251986263;0
1959;274481317;1
1960;301356724;0
1961;345532771;1
1962;348910859;0
1963;30380638;0
1964;47546069;0
1965;114397978;0
1966;149047210;0
1967;222489828;0
1968;273128171;0
1969;209933477;1
1970;40820983;0
1971;79396393;0
1972;20135646;0
1973;22483092;0
1974;230577133;1
1975;337664709;0
1976;353617590;1
1977;492242975;0
1978;232307144;1
1979;1464234;0
1980;419087100;0
1981;237539621;0
1982;156526872;0
1983;294858383;0
1984;396104822;0
1985;247506053;1
1986;119479754;0
1987;152571000;0
1988;137615246;1
1989;236233389;0
1990;468015148;0
1991;489735308;0
1992;159433081;0
1993;323485618;0
1994;274815657;0
1995;444447441;1
1996;6079194;1
1997;32493672;0
1998;56511789;0
1999;156189371;1
2000;216572849;0
2001;291498790;0
2002;324875942;0
2003;441681952;0
2004;477064005;0
2005;496981226;0
2006;99416385;0
2007;100270049;0
2008;118783052;0
2009;150206612;1
2010;258352779;0
2011;423917189;0
2012;495318771;0
2013;38638445;0
2014;194189901;0
2015;232826455;0
2016;60806098;0
2017;183264296;0
2018;359717886;0
2019;365778288;0
2020;496104524;1
2021;126328746;0
2022;173568884;0
2023;198323471;0
2024;205012874;1
2025;369852197;0
2026;392120942;1
2027;32880146;0
2028;35181318;0
2029;67261018;0
2030;67333766;0
2031;132459761;0
2032;154213885;0
2033;319342311;0
2034;408906391;0
2035;482010755;0
2036;325829111;0
2037;445473051;0
2038;101518778;0
2039;291461014;1
2040;433945044;0
2041;494075446;1
2042;17045016;0
2043;23424575;0
2044;100585772;0
2045;118285785;0
2046;233601264;0
2047;285098941;1
2048;348253515;0
2049;380692727;0
2050;401102368;0
2051;407640764;0
2052;413132541;0
2053;445810169;1
2054;485636948;0
2055;505156093;0
2056;128352121;0
2057;167224637;0
2058;172994351;0
2059;221468789;0
2060;392758214;1
2061;429557854;0
2062;162026361;0
2063;328195499;1
2064;346387943;0
2065;452437397;0
2066;78176384;0
2067;172528858;1
2068;344476321;1
2069;514759436;0
2070;177822167;0
2071;178214568;0
2072;178701674;0
2073;223728631;0
2074;276390027;0
2075;294820556;1
2076;319967794;0
2077;515817237;0
2078;11823026;0
2079;132174122;0
2080;418044792;0
2081;457401035;0
2082;461211587;0
2083;156246729;0
2084;512311972;1
2085;125573259;0
2086;258321363;0
2087;267320208;0
2088;308547240;1
2089;389021046;0
2090;32195783;1
2091;39766945;1
2092;71102619;0
2093;118309734;0
2094;121487453;1
2095;200572378;0
2096;34668915;0
2097;48399673;0
2098;80119801;0
2099;153592238;0
2100;199337845;0
2101;205996477;0
2102;226988388;0
2103;297116450;0
2104;368848454;0
2105;423891184;0
2106;427718215;0
2107;434460256;0
2108;499509217;0
2109;136878514;0
2110;148109085;0
2111;320477509;0
2112;331787291;0
2113;138279052;1
2114;36742480;0
2115;376208955;0
2116;402933803;0
2117;298357352;0
2118;330281551;0
2119;15387750;0
2120;89483330;0
2121;142588191;0
2122;269041790;0
2123;277444449;1
2124;379109501;0
2125;474541339;0
2126;508734715;0
2127;47047539;0
2128;79524663;0
2129;154359317;0
2130;210124902;0
2131;262843301;0
2132;292547890;0
2133;369922062;0
2134;374147493;0
2135;376450623;0
2136;288057294;0
2137;311355409;0
2138;206500772;0
2139;233470383;0
2140;310213162;0
2141;355523414;0
2142;432598574;0
2143;214790269;0
2144;469341026;0
2145;191886380;0
2146;30316356;0
2147;98464493;0
2148;214544574;1
2149;332472147;0
2150;334428485;0
2151;35284954;0
2152;412883599;0
2153;319015928;1
2154;113658242;1
2155;113909561;0
2156;368013663;0
2157;220535968;0
2158;232537968;0
2159;337588950;1
2160;370129009;1
2161;66133804;0
2162;75545157;0
2163;78460796;0
2164;88619537;0
2165;285440717;0
2166;305134000;0
2167;305711332;0
2168;78090731;0
2169;88166948;0
2170;95230880;0
2171;151830839;0
2172;171153464;0
2173;286570707;0
2174;404514344;0
2175;166017134;0
2176;196421095;0
2177;224260476;0
2178;292898081;0
2179;302867080;1
2180;324215202;0
2181;393404816;0
2182;236574944;0
2183;215780884;0
2184;472681413;0
2185;516165619;0
2186;299109273;0
2187;472407116;0
2188;187164205;1
2189;54070416;0
2190;145830164;0
2191;70029068;0
2192;196037270;0
2193;350426462;0
2194;493439956;0
2195;378585790;0
2196;117375299;0
2197;442425713;1
2198;411937347;0
2199;107121421;0
2200;185577119;1
2201;324545507;0
2202;407358759;1
2203;73465658;1
2204;185715091;1
2205;341056221;0
2206;346789581;0
2207;383390704;0
2208;143401266;0
2209;223794301;1
2210;374444811;0
2211;467411870;0
2212;469644995;1
2213;498714291;0
2214;149728680;0
2215;17799583;1
2216;127797237;1
2217;9304255;0
2218;95869657;1
2219;212345175;0
2220;246082140;0
2221;385000209;1
2222;107909796;0
2223;92729476;1
2224;125746561;0
2225;164489980;0
2226;125613234;0
2227;172634227;0
2228;196815982;0
2229;249161979;0
2230;285315151;1
2231;297678498;1
2232;453915973;0
2233;40327842;1
2234;411164773;0
2235;59901733;1
2236;60375920;1
2237;152636718;1
2238;251498883;0
2239;255729246;1
2240;289567072;0
2241;308881612;1
2242;471086190;0
2243;499233191;0
2244;171497269;1
2245;33135901;1
2246;135570633;0
2247;136498388;1
2248;200210747;0
2249;259336586;1
2250;259575295;0
2251;292460668;0
2252;294978176;0
2253;324513974;0
2254;351648690;1
2255;376676834;0
2256;391225971;0
2257;447456885;0
2258;93799307;0
2259;320736097;1
2260;54098038;1
2261;440136;0
2262;2788507;0
2263;22847981;1
2264;49302103;0
2265;53496474;0
2266;109848756;0
2267;157244774;0
2268;183852013;0
2269;199434889;0
2270;209698985;0
2271;275481468;0
2272;343771238;0
2273;346317576;1
2274;369065590;0
2275;400822392;1
2276;454004418;0
2277;487261586;0
2278;502080663;1
2279;328775674;1
2280;185761277;0
2281;437476972;0
2282;93620596;0
2283;236521008;0
2284;261538350;1
2285;280730677;1
2286;379077273;0
2287;130762863;1
2288;376354776;0
2289;393619116;0
2290;395862999;0
2291;404868936;0
2292;424451283;0
2293;424560603;0
2294;433778551;0
2295;504427687;0
2296;118836319;0
2297;492047891;0
2298;7565503;1
2299;156234907;0
2300;222144861;1
2301;448972581;0
2302;452588613;0
2303;427323649;1
2304;432653414;0
2305;116563848;0
2306;252100760;1
2307;269638451;1
2308;436940099;0
2309;495617759;0
2310;508319209;0
2311;376480313;1
2312;79880059;1
2313;397171817;0
2314;13114025;1
2315;484065143;1
2316;151588336;1
2317;381416390;0
2318;86906767;0
2319;175139657;0
2320;280493005;1
2321;341755018;1
2322;362503043;0
2323;388628634;0
2324;429668435;1
2325;5930205;0
2326;126933316;0
2327;177850861;0
2328;316483380;0
2329;492972708;0
2330;173506753;0
2331;394679010;0
2332;116622671;0
2333;323311489;0
2334;441299062;0
2335;444779066;0
2336;251137639;0
2337;314319513;1
2338;411349513;1
2339;87054012;0
2340;92433173;1
2341;493506109;1
2342;34449751;1
2343;302813976;0
2344;223748092;0
2345;258110746;0
2346;372412170;0
2347;210756582;0
2348;232845487;0
2349;375164382;1
2350;11285251;0
2351;36064257;0
2352;484556380;0
2353;8583220;0
2354;120099054;0
2355;167310046;1
2356;211660976;0
2357;263786877;1
2358;73375300;0
2359;73510559;0
2360;79882959;0
2361;91447491;1
2362;95807199;0
2363;201883197;0
2364;288611395;1
2365;301698939;1
2366;313576398;0
2367;326504992;1
2368;362810447;0
2369;429942903;1
2370;486588312;0
2371;60567055;1
2372;463950925;0
2373;107389780;0
2374;108444317;0
2375;119436776;0
2376;58830628;0
2377;77071150;0
2378;82018890;0
2379;139154401;0
2380;142680030;0
2381;143366155;0
2382;345040357;1
2383;400332113;0
2384;413633397;0
2385;415696713;0
2386;479722657;0
2387;223505742;1
2388;393395811;0
2389;169689830;0
2390;477017575;0
2391;85119481;0
2392;176300786;1
2393;236062481;0
2394;248320006;0
2395;254442678;1
2396;263046026;0
2397;292147868;1
2398;7530585;1
2399;493218307;1
2400;250284104;0
2401;225904772;0
2402;288941477;0
2403;341781303;0
2404;451648147;0
2405;469025525;0
2406;479772173;0
2407;120234965;0
2408;451673014;0
2409;92098326;0
2410;203184781;0
2411;312077049;0
2412;458596453;0
2413;87819694;0
2414;128233822;0
2415;196427302;1
2416;8562400;0
2417;19813389;0
2418;100136270;0
2419;281265905;1
2420;356780842;0
2421;385367442;0
2422;447299358;1
2423;474911359;1
2424;478947647;0
2425;26610849;0
2426;77252732;0
2427;283115640;0
2428;319272695;1
2429;429794876;0
2430;464407952;0
2431;498845835;0
2432;136230311;1
2433;174210294;0
2434;307366656;0
2435;40637928;0
2436;61111396;1
2437;95899497;0
2438;115067633;0
2439;226711797;0
2440;337037819;0
2441;368552849;0
2442;368872094;0
2443;388906739;0
2444;395412766;0
2445;402903587;0
2446;295198691;0
2447;307934429;0
2448;492301001;0
2449;168433161;0
2450;455466911;0
2451;515091918;0
2452;190741421;0
2453;191315525;0
2454;96818808;0
2455;79226461;0
2456;205621894;0
2457;115926669;1
2458;471332464;0
2459;68815610;0
2460;479239848;1
2461;466983031;0
2462;416524314;0
2463;244591452;0
2464;206267477;0
2465;381451317;0
2466;12291779;0
2467;194205890;0
2468;370576794;0
2469;235775714;0
2470;393970012;0
2471;195921698;0
2472;101077347;0
2473;104886524;0
2474;144365829;1
2475;182460432;1
2476;342466326;1
2477;390573847;1
2478;452045175;0
2479;454730905;0
2480;458884513;0
2481;479691080;0
2482;118247749;0
2483;384915918;0
2484;385601138;1
2485;390141508;0
2486;398055035;0
2487;420603924;0
2488;497430372;0
2489;499129088;0
2490;427765844;0
2491;462181995;1
2492;128166096;0
2493;162721342;0
2494;194431870;1
2495;224292502;0
2496;296728348;0
2497;160916027;0
2498;198036444;0
2499;199153247;0
2500;338975721;1
2501;464282672;0
2502;34475919;0
2503;58107523;1
2504;58733081;0
2505;222917297;0
2506;270339593;0
2507;273485872;0
2508;325665857;0
2509;362027260;1
2510;368762827;1
2511;394068290;0
2512;402615572;0
2513;408137348;0
2514;411298300;1
2515;436181753;0
2516;478733936;1
2517;51629701;1
2518;75271716;0
2519;266196195;0
2520;228800732;0
2521;485879069;0
2522;396152302;0
2523;477032228;0
2524;18797196;0
2525;138003406;1
2526;342848278;0
2527;348370174;0
2528;362722028;0
2529;397642550;0
2530;482600358;0
2531;488871343;0
2532;489955506;0
2533;510586531;0
2534;336712079;0
2535;354009739;0
2536;127901332;0
2537;128655021;0
2538;162655982;0
2539;280712453;1
2540;417236183;0
2541;309680752;0
2542;92171345;0
2543;170302000;0
2544;76372507;0
2545;118138104;1
2546;397836295;0
2547;499174538;0
2548;125959230;0
2549;170479043;0
2550;178078273;1
2551;287917193;0
2552;405341046;0
2553;280830191;0
2554;49902265;1
2555;13408795;0
2556;77248537;0
2557;133020368;0
2558;162262241;0
2559;227892510;0
2560;237666753;1
2561;274431813;0
2562;117759565;1
2563;157535876;0
2564;295796715;0
2565;373859805;0
2566;424322490;1
2567;34719322;0
2568;38772905;0
2569;100521343;1
2570;203192037;0
2571;205854009;0
2572;231511681;0
2573;259617542;0
2574;260385018;0
2575;293057066;0
2576;316655927;0
2577;327592292;0
2578;376096943;1
2579;131354341;1
2580;161468495;1
2581;453529898;0
2582;3229307;1
2583;129435080;0
2584;176734370;0
2585;195814080;0
2586;80238350;0
2587;353987087;1
2588;438912081;0
2589;475276432;1
2590;161491171;0
2591;194199714;0
2592;195452333;0
2593;199051935;0
2594;239602786;0
2595;337148753;0
2596;422112947;0
2597;126519787;0
2598;188797298;1
2599;191132752;0
2600;245972528;0
2601;248182600;0
2602;226621112;0
2603;251686884;0
2604;291864070;0
2605;307957397;0
2606;308039512;1
2607;460950172;0
2608;133282048;0
2609;172808202;0
2610;228627608;0
2611;311269893;0
2612;463104340;0
2613;40495063;0
2614;236861678;0
2615;29864155;1
2616;334079867;0
2617;9676481;0
2618;218187700;0
2619;460437855;1
2620;94671613;0
2621;169057644;0
2622;213049909;0
2623;276243623;0
2624;434502528;1
2625;163607407;0
2626;221297304;0
2627;156387828;0
2628;207097923;0
2629;17126465;1
2630;226167409;1
2631;294174301;0
2632;340196858;0
2633;86784848;0
2634;126471518;0
2635;394793132;0
2636;42778210;1
2637;78866907;0
2638;94502379;1
2639;126790535;0
2640;222475214;0
2641;229016880;0
2642;295256281;0
2643;300566640;0
2644;323024197;0
2645;338178378;0
2646;457905085;0
2647;211745010;0
2648;279311808;0
2649;454099429;0
2650;456113266;0
2651;459393916;0
2652;461515059;0
2653;384216407;0
2654;54514270;0
2655;53858932;0
2656;131047208;0
2657;46660090;1
2658;272311218;0
2659;122548796;0
2660;453485400;0
2661;36245612;1
2662;138385258;0
2663;348665593;1
2664;245975420;0
2665;199745232;0
2666;365974075;1
2667;274712967;1
2668;346730302;1
2669;62281702;1
2670;214230294;0
2671;221696947;1
2672;348044170;0
2673;444897055;0
2674;467979746;0
2675;495433205;0
2676;142577254;1
2677;249071490;1
2678;369253784;1
2679;247580567;0
2680;249374821;1
2681;288170114;0
2682;386665142;1
2683;470517631;0
2684;133121737;0
2685;112987142;0
2686;5174007;0
2687;416896509;1
2688;459839672;1
2689;92610482;1
2690;177273498;1
2691;493428140;1
2692;377670221;0
2693;166784872;0
2694;90384352;1
2695;172634227;0
2696;174921528;0
2697;285346203;1
2698;312035464;0
2699;365728244;1
2700;8161235;1
2701;80317412;1
2702;123017537;0
2703;161915040;1
2704;168154478;1
2705;213632963;0
2706;305490702;0
2707;308010753;0
2708;388150740;1
2709;391326574;0
2710;405832079;0
2711;463300738;1
2712;14895493;0
2713;16601070;1
2714;123399461;1
2715;147347597;0
2716;151304683;1
2717;157030970;0
2718;157438674;0
2719;199777294;1
2720;269425274;0
2721;374326684;0
2722;391102285;1
2723;486521977;1
2724;492004511;0
2725;172637988;1
2726;429706962;1
2727;4846647;0
2728;37851581;0
2729;45147072;0
2730;51613305;0
2731;51844179;0
2732;61568624;1
2733;129770396;1
2734;166747050;0
2735;175428110;0
2736;265670882;0
2737;327306105;0
2738;352572988;1
2739;361152904;1
2740;362529402;1
2741;383746596;0
2742;387083748;1
2743;414617395;0
2744;430761787;0
2745;436489612;1
2746;477344313;0
2747;279634442;1
2748;281399970;1
2749;214102295;0
2750;223906075;0
2751;282055762;0
2752;295865516;0
2753;469467416;0
2754;483593307;0
2755;262728944;1
2756;92296755;1
2757;115117766;1
2758;130488304;1
2759;390465397;0
2760;26077031;1
2761;44865904;1
2762;59715396;1
2763;320045728;0
2764;350943137;1
2765;484901425;0
2766;460399235;1
2767;432492107;1
2768;13733667;0
2769;271690465;0
2770;368419352;0
2771;250319650;0
2772;365973399;0
2773;447349101;1
2774;227791755;1
2775;206959216;0
2776;283530002;0
2777;353583079;1
2778;71522179;0
2779;2487437;0
2780;2992738;0
2781;99059494;1
2782;172500469;0
2783;209771636;0
2784;360978973;1
2785;382769645;1
2786;448847066;0
2787;459364471;1
2788;498389586;0
2789;499042165;0
2790;75634038;0
2791;76048349;1
2792;269624580;1
2793;276598571;0
2794;188806854;1
2795;268040139;1
2796;428494662;1
2797;454823624;0
2798;293798567;1
2799;375284121;1
2800;87328336;0
2801;89699793;1
2802;173425807;0
2803;178291141;0
2804;113857949;0
2805;354213572;1
2806;449346710;0
2807;114612931;0
2808;281677415;0
2809;92536590;0
2810;93740867;1
2811;95709001;0
2812;126104820;1
2813;126137332;0
2814;174852120;0
2815;491686156;0
2816;120175804;1
2817;253894044;1
2818;125599051;0
2819;311335328;1
2820;254314306;1
2821;281468907;1
2822;401463040;0
2823;495849240;1
2824;76326679;0
2825;221493211;0
2826;221648295;0
2827;224360687;1
2828;296847347;1
2829;406409199;0
2830;279769746;0
2831;469194443;0
2832;177918108;0
2833;225233107;1
2834;286566587;0
2835;346162967;0
2836;187036219;1
2837;282552896;1
2838;345576911;1
2839;106857732;1
2840;210266474;0
2841;48606557;0
2842;73552626;0
2843;85553047;0
2844;125594523;0
2845;174831475;0
2846;227093617;0
2847;260863899;0
2848;267879122;0
2849;286212926;1
2850;510722959;0
2851;6161219;0
2852;129780661;1
2853;159284534;1
2854;57021145;1
2855;139029274;0
2856;366317254;1
2857;462346201;1
2858;478871106;0
2859;107813625;0
2860;427671591;0
2861;252232497;0
2862;438430285;1
2863;318080833;1
2864;470471596;1
2865;305646323;0
2866;59536761;1
2867;227770877;1
2868;332236265;0
2869;394019371;1
2870;22801119;1
2871;129899494;1
2872;329705178;0
2873;499660934;0
2874;176193405;0
2875;177218807;1
2876;287760678;0
2877;84907623;0
2878;128122840;0
2879;303806337;0
2880;460379871;0
2881;115737079;0
2882;237074670;0
2883;247694582;0
2884;262231713;0
2885;357145818;0
2886;446647384;0
2887;447299358;1
2888;467048783;0
2889;38022256;1
2890;66346443;1
2891;332546024;0
2892;343456638;1
2893;368742457;0
2894;391492549;1
2895;498845835;1
2896;179680709;1
2897;456789460;0
2898;154574705;1
2899;180234634;1
2900;199317932;1
2901;323870563;1
2902;364323692;0
2903;365080515;1
2904;370390453;1
2905;376168160;1
2906;428486304;1
2907;304821053;0
2908;404458859;0
2909;305475216;1
2910;361349800;1
2911;93297433;1
2912;206057686;0
2913;141259025;0
2914;214005611;0
2915;115925595;0
2916;385627475;0
2917;382571671;1
2918;331941762;0
2919;468790200;1
2920;267042842;0
2921;197080603;0
2922;223285049;0
2923;365409122;0
2924;157616684;0
2925;163286619;0
2926;204146746;0
2927;224439033;0
2928;323583987;0
2929;339513449;0
2930;367653910;0
2931;90648234;1
2932;95975688;0
2933;102405342;0
2934;166799377;1
2935;170337317;1
2936;207975059;0
2937;288757909;1
2938;304328422;0
2939;321136970;0
2940;434369196;0
2941;56889619;1
2942;104826926;0
2943;106696021;0
2944;116323862;0
2945;121572475;0
2946;385080716;0
2947;386210810;0
2948;391158157;0
2949;394614586;1
2950;396227271;0
2951;420069570;1
2952;493047472;0
2953;496217055;0
2954;496483347;0
2955;498151168;0
2956;356610230;1
2957;399484313;1
2958;79567439;0
2959;434439075;0
2960;157241034;0
2961;195591466;1
2962;324245918;0
2963;324260189;0
2964;357901706;1
2965;164364700;0
2966;200373829;0
2967;224600853;0
2968;256311996;0
2969;272203816;1
2970;367729652;0
2971;484815392;0
2972;35598925;1
2973;37968460;0
2974;40598191;0
2975;74028582;0
2976;75947489;0
2977;207693207;1
2978;298151234;0
2979;341765337;0
2980;373735067;1
2981;430349267;1
2982;438714379;0
2983;478385064;0
2984;511750075;0
2985;324173740;1
2986;32870420;0
2987;101106031;1
2988;341373208;0
2989;361482429;0
2990;437518567;0
2991;478421049;0
2992;500742579;0
2993;67354352;0
2994;177166076;0
2995;362961900;0
2996;388759202;0
2997;491216977;0
2998;158569569;0
2999;223273273;1
3000;309230572;0
3001;33863473;1
3002;246394828;0
3003;117223128;0
3004;139727776;0
3005;199212643;0
3006;36083463;0
3007;445077850;1
3008;94520459;0
3009;273797446;0
3010;369745063;1
3011;2182930;0
3012;9080120;1
3013;92026023;0
3014;166998098;0
3015;399662324;1
3016;92472754;0
3017;148207016;1
3018;174354926;0
3019;175465541;0
3020;347404751;0
3021;360180218;0
3022;487978912;0
3023;487984992;0
3024;510860569;1
3025;510885529;0
3026;228265272;1
3027;393507574;1
3028;33750606;1
3029;60971733;1
3030;71319114;0
3031;79907034;0
3032;80087403;0
3033;99666527;0
3034;121294466;0
3035;153234176;0
3036;162939253;0
3037;225910596;0
3038;292374601;0
3039;323148039;0
3040;370882074;1
3041;371406359;0
3042;375996436;0
3043;433293953;0
3044;436901900;0
3045;442366952;1
3046;137333037;0
3047;159816968;0
3048;178525648;1
3049;307267312;0
3050;461246345;1
3051;508724302;0
3052;21190526;1
3053;93210934;0
3054;154359267;0
3055;155588041;0
3056;193972353;0
3057;194933173;0
3058;310275469;1
3059;326107850;0
3060;326117150;0
3061;374147470;1
3062;375215141;0
3063;428080456;0
3064;508276424;0
3065;4889448;0
3066;88046539;0
3067;94046728;0
3068;126514949;0
3069;167025351;0
3070;169257588;0
3071;170748570;1
3072;300265262;0
3073;301289771;0
3074;365299760;1
3075;453850706;0
3076;169933954;0
3077;323508042;0
3078;167126159;0
3079;235359662;0
3080;464469818;0
3081;155882227;0
3082;202448038;0
3083;205427611;0
3084;207763604;0
3085;353939974;1
3086;390498444;1
3087;296477531;1
3088;327724647;0
3089;370428424;0
3090;372086953;0
3091;375385066;1
3092;394233554;1
3093;93064254;0
3094;195939846;0
3095;224194189;0
3096;263099444;1
3097;264431857;0
3098;291406272;1
3099;323266195;0
3100;364788674;0
3101;371305495;0
3102;39796734;0
3103;76063093;0
3104;87769619;0
3105;90463471;0
3106;114753726;1
3107;213395677;0
3108;113995333;0
3109;268874543;0
3110;6380416;0
3111;126836431;0
3112;150110656;1
3113;161752272;0
3114;191150750;0
3115;197082469;0
3116;370503583;0
3117;270472905;0
3118;176464507;1
3119;190698478;0
3120;305259200;0
3121;454099429;0
3122;456876573;0
